,index,root_mean_squared_error,mean_squared_error,mean_absolute_error,r2,pearsonr,median_absolute_error
0,who_actual_grouped_0,-2.627449597171104,-6.903491385674598,-1.8726842378315167,0.8923125887665334,0.9585855585409427,-1.968682098388669
1,who_actual_grouped_1,-2.3701431930407026,-5.617578755517177,-1.592027403178967,0.9123715117777829,0.9651675661792557,-1.1488494873046875
2,who_actual_grouped_2,-2.259257371616645,-5.10424387120415,-1.535625497918379,0.920379011418068,0.9678148976419592,-1.2383041381835938
3,who_actual_no_group_0,-1.9474549134203725,-3.7925806398051503,-1.1537906138970178,0.9603955807110022,0.9801717969853769,-0.6380012512207003
4,who_actual_no_group_1,-1.9225695809667958,-3.6962737936588406,-1.1553480909952938,0.961401275006635,0.980821297974338,-0.6282623291015597
5,who_actual_no_group_2,-1.858039518210717,-3.452310851232713,-1.0738140587920622,0.9639488835034495,0.9819369007878891,-0.47933654785155966
